image_url1,asset_name1,object_class1,caption1,image_url2,asset_name2,object_class2,caption2,image_url3,asset_name3,object_class3,caption3,image_url4,asset_name4,object_class4,caption4
https://cs-people.bu.edu/array/research/r2d3/asset_ims/Dog_Bed_2_1.png,Dog_Bed_2_1,Dog Bed,blue plaid dog bed,https://cs-people.bu.edu/array/research/r2d3/asset_ims/Shelving_Unit_307_1.png,Shelving_Unit_307_1,Shelving Unit,Dark brown modular shelving unit.,https://cs-people.bu.edu/array/research/r2d3/asset_ims/Coffee_Table_217_1.png,Coffee_Table_217_1,Coffee Table,black modern coffee table,https://cs-people.bu.edu/array/research/r2d3/asset_ims/Fridge_5.png,Fridge_5,Fridge,A black modern refrigerator
https://cs-people.bu.edu/array/research/r2d3/asset_ims/Side_Table_311_2_2.png,Side_Table_311_2_2,Side Table,A gray side table with a drawer.,https://cs-people.bu.edu/array/research/r2d3/asset_ims/Houseplant_18.png,Houseplant_18,Houseplant,3D-rendered potted plant,https://cs-people.bu.edu/array/research/r2d3/asset_ims/bin_19.png,bin_19,bin,A cylindrical blue bin,https://cs-people.bu.edu/array/research/r2d3/asset_ims/Side_Table_219_1.png,Side_Table_219_1,Side Table,Black side table with drawers and silver knobs.
https://cs-people.bu.edu/array/research/r2d3/asset_ims/Desk_313_2.png,Desk_313_2,Desk,A modern dark brown desk with drawers.,https://cs-people.bu.edu/array/research/r2d3/asset_ims/Dining_Table_223_1.png,Dining_Table_223_1,Dining Table,Oval wooden dining table with white legs,https://cs-people.bu.edu/array/research/r2d3/asset_ims/Sofa_205_2.png,Sofa_205_2,Sofa,Red upholstered sofa,https://cs-people.bu.edu/array/research/r2d3/asset_ims/Bed_18_1.png,Bed_18_1,Bed,Black wooden bunk bed with blue bedding.
https://cs-people.bu.edu/array/research/r2d3/asset_ims/Box_15.png,Box_15,Box,Open brown cardboard box.,https://cs-people.bu.edu/array/research/r2d3/asset_ims/Houseplant_7.png,Houseplant_7,Houseplant,Green potted houseplant,https://cs-people.bu.edu/array/research/r2d3/asset_ims/Floor_Lamp_24.png,Floor_Lamp_24,Floor Lamp,Tall floor lamp with a light shade,https://cs-people.bu.edu/array/research/r2d3/asset_ims/Sofa_215_1.png,Sofa_215_1,Sofa,A brown modern sofa.
https://cs-people.bu.edu/array/research/r2d3/asset_ims/RoboTHOR_armchair_emmabo.png,RoboTHOR_armchair_emmabo,armchair emmabo,A blue armchair with wooden legs.,https://cs-people.bu.edu/array/research/r2d3/asset_ims/Basketball_1.png,Basketball_1,Basketball,orange basketball on a court,https://cs-people.bu.edu/array/research/r2d3/asset_ims/Fridge_1.png,Fridge_1,Fridge,Silver double-door refrigerator,https://cs-people.bu.edu/array/research/r2d3/asset_ims/Floor_Lamp_28.png,Floor_Lamp_28,Floor Lamp,Tripod floor lamp with cylindrical shade
https://cs-people.bu.edu/array/research/r2d3/asset_ims/Wall_Decor_Painting_3V.png,Wall_Decor_Painting_3V,Wall Decor Painting V,Framed wall art with abstract design,https://cs-people.bu.edu/array/research/r2d3/asset_ims/Fridge_2.png,Fridge_2,Fridge,Black refrigerator with magnets and photos,https://cs-people.bu.edu/array/research/r2d3/asset_ims/Television_25.png,Television_25,Television,Modern flat-screen television.,https://cs-people.bu.edu/array/research/r2d3/asset_ims/Bed_13.png,Bed_13,Bed,modern low-profile bed with headboard
https://cs-people.bu.edu/array/research/r2d3/asset_ims/Dining_Table_21_2.png,Dining_Table_21_2,Dining Table,Glass top table with metal legs,https://cs-people.bu.edu/array/research/r2d3/asset_ims/Countertop_I_6x2.png,Countertop_I_6x2,Countertop I x,Black rectangular countertop,https://cs-people.bu.edu/array/research/r2d3/asset_ims/Armchair_208_4.png,Armchair_208_4,Armchair,a modern blue armchair,https://cs-people.bu.edu/array/research/r2d3/asset_ims/Sink_20.png,Sink_20,Sink,A gray stone pedestal sink.
https://cs-people.bu.edu/array/research/r2d3/asset_ims/bin_5.png,bin_5,bin,Blue recycling bin with symbol.,https://cs-people.bu.edu/array/research/r2d3/asset_ims/Armchair_219_2.png,Armchair_219_2,Armchair,A dark-colored plush armchair,https://cs-people.bu.edu/array/research/r2d3/asset_ims/Chair_210_2.png,Chair_210_2,Chair,Black chair with round backrest and geometric pattern.,https://cs-people.bu.edu/array/research/r2d3/asset_ims/Wall_Decor_Painting_7.png,Wall_Decor_Painting_7,Wall Decor Painting,Framed landscape painting
https://cs-people.bu.edu/array/research/r2d3/asset_ims/TV_Stand_206_1.png,TV_Stand_206_1,TV Stand,A black modern TV stand with open shelves,https://cs-people.bu.edu/array/research/r2d3/asset_ims/Armchair_222_1.png,Armchair_222_1,Armchair,A dark upholstered armchair with cushion.,https://cs-people.bu.edu/array/research/r2d3/asset_ims/Shelving_Unit_325_2.png,Shelving_Unit_325_2,Shelving Unit,Black shelving unit with two shelves,https://cs-people.bu.edu/array/research/r2d3/asset_ims/Coffee_Table_202_1.png,Coffee_Table_202_1,Coffee Table,A dark rectangular coffee table
https://cs-people.bu.edu/array/research/r2d3/asset_ims/Floor_Lamp_14.png,Floor_Lamp_14,Floor Lamp,A tripod-style floor lamp with a white shade.,https://cs-people.bu.edu/array/research/r2d3/asset_ims/Wall_Decor_Photo_7.png,Wall_Decor_Photo_7,Wall Decor Photo,a framed landscape photograph,https://cs-people.bu.edu/array/research/r2d3/asset_ims/Coffee_Table_213_1.png,Coffee_Table_213_1,Coffee Table,Rectangular wooden coffee table with lower shelf.,https://cs-people.bu.edu/array/research/r2d3/asset_ims/Floor_Lamp_4.png,Floor_Lamp_4,Floor Lamp,A tall floor lamp with fabric shade and wooden base.
https://cs-people.bu.edu/array/research/r2d3/asset_ims/Desk_320_2_1.png,Desk_320_2_1,Desk,a white rectangular desk with metal legs,https://cs-people.bu.edu/array/research/r2d3/asset_ims/Sofa_227_1.png,Sofa_227_1,Sofa,A gray modern sofa,https://cs-people.bu.edu/array/research/r2d3/asset_ims/ArmChair_213_1.png,ArmChair_213_1,ArmChair,a red fabric armchair,https://cs-people.bu.edu/array/research/r2d3/asset_ims/Dining_Table_23_1.png,Dining_Table_23_1,Dining Table,Rectangular glass-top table with metal frame
https://cs-people.bu.edu/array/research/r2d3/asset_ims/Chair_224_1.png,Chair_224_1,Chair,A black wooden spindle-back chair.,https://cs-people.bu.edu/array/research/r2d3/asset_ims/Countertop_L_6x10.png,Countertop_L_6x10,Countertop L x,Black angular countertop.,https://cs-people.bu.edu/array/research/r2d3/asset_ims/Side_Table_209_2_1.png,Side_Table_209_2_1,Side Table,A brown wooden side table with a drawer.,https://cs-people.bu.edu/array/research/r2d3/asset_ims/Chair_203_3.png,Chair_203_3,Chair,Black modern chair with a high backrest.
https://cs-people.bu.edu/array/research/r2d3/asset_ims/Armchair_207_1.png,Armchair_207_1,Armchair,A black modern armchair,https://cs-people.bu.edu/array/research/r2d3/asset_ims/Side_Table_225_1.png,Side_Table_225_1,Side Table,a modern glass-top side table,https://cs-people.bu.edu/array/research/r2d3/asset_ims/Dining_Table_201_1.png,Dining_Table_201_1,Dining Table,A brown wooden dining table.,https://cs-people.bu.edu/array/research/r2d3/asset_ims/Side_Table_215_1.png,Side_Table_215_1,Side Table,Round black wooden side table.
https://cs-people.bu.edu/array/research/r2d3/asset_ims/Laundry_Hamper_1_2.png,Laundry_Hamper_1_2,Laundry Hamper,Round brown laundry hamper with lid,https://cs-people.bu.edu/array/research/r2d3/asset_ims/Ottoman_203_1.png,Ottoman_203_1,Ottoman,A dark upholstered ottoman,https://cs-people.bu.edu/array/research/r2d3/asset_ims/Sofa_205_1.png,Sofa_205_1,Sofa,a maroon contemporary sofa,https://cs-people.bu.edu/array/research/r2d3/asset_ims/Side_Table_306_1.png,Side_Table_306_1,Side Table,A black modern side table with drawers.
https://cs-people.bu.edu/array/research/r2d3/asset_ims/Chair_210_1.png,Chair_210_1,Chair,A black armchair with circular patterned backrest and red cushion.,https://cs-people.bu.edu/array/research/r2d3/asset_ims/Desk_318_1.png,Desk_318_1,Desk,Dark wooden desk with drawers,https://cs-people.bu.edu/array/research/r2d3/asset_ims/Sofa_206_1.png,Sofa_206_1,Sofa,Blue fabric sofa with cushions,https://cs-people.bu.edu/array/research/r2d3/asset_ims/Countertop_Island_10x3.png,Countertop_Island_10x3,Countertop Island x,"Dark countertop island, minimalist design."
https://cs-people.bu.edu/array/research/r2d3/asset_ims/Side_Table_222_1_1.png,Side_Table_222_1_1,Side Table,Black folding side table,https://cs-people.bu.edu/array/research/r2d3/asset_ims/RoboTHOR_sofa_vreta.png,RoboTHOR_sofa_vreta,sofa vreta,a light gray fabric sofa,https://cs-people.bu.edu/array/research/r2d3/asset_ims/Sofa_208_1.png,Sofa_208_1,Sofa,Dark blue fabric sofa with cushions.,https://cs-people.bu.edu/array/research/r2d3/asset_ims/Side_Table_317_1.png,Side_Table_317_1,Side Table,A brown wooden nightstand with a drawer.
https://cs-people.bu.edu/array/research/r2d3/asset_ims/Dresser_229_1.png,Dresser_229_1,Dresser,Low-profile gray dresser with six drawers.,https://cs-people.bu.edu/array/research/r2d3/asset_ims/Side_Table_302_2_1.png,Side_Table_302_2_1,Side Table,Beige side table with drawer,https://cs-people.bu.edu/array/research/r2d3/asset_ims/Floor_Lamp_2.png,Floor_Lamp_2,Floor Lamp,Tall floor lamp with white shade,https://cs-people.bu.edu/array/research/r2d3/asset_ims/Floor_Lamp_11.png,Floor_Lamp_11,Floor Lamp,Modern floor lamp with a green shade and square base.
https://cs-people.bu.edu/array/research/r2d3/asset_ims/Laundry_Hamper_1_1.png,Laundry_Hamper_1_1,Laundry Hamper,Gray cylindrical laundry hamper with lid,https://cs-people.bu.edu/array/research/r2d3/asset_ims/RoboTHOR_chair_norden_gateleg.png,RoboTHOR_chair_norden_gateleg,chair norden gateleg,Black silhouette of a chair.,https://cs-people.bu.edu/array/research/r2d3/asset_ims/Armchair_207_4.png,Armchair_207_4,Armchair,Black modern armchair,https://cs-people.bu.edu/array/research/r2d3/asset_ims/Armchair_219_1.png,Armchair_219_1,Armchair,A blue armchair.
https://cs-people.bu.edu/array/research/r2d3/asset_ims/Dining_Table_16_2.png,Dining_Table_16_2,Dining Table,Round glass-top table with metal legs,https://cs-people.bu.edu/array/research/r2d3/asset_ims/Countertop_L_4x4.png,Countertop_L_4x4,Countertop L x,Two blue geometric cubes,https://cs-people.bu.edu/array/research/r2d3/asset_ims/Box_8.png,Box_8,Box,Brown cardboard box with open flaps.,https://cs-people.bu.edu/array/research/r2d3/asset_ims/Box_27.png,Box_27,Box,Open brown cardboard box.
https://cs-people.bu.edu/array/research/r2d3/asset_ims/bin_1.png,bin_1,bin,Black waste bin,https://cs-people.bu.edu/array/research/r2d3/asset_ims/Sofa_223_1.png,Sofa_223_1,Sofa,blue three-seater sofa,https://cs-people.bu.edu/array/research/r2d3/asset_ims/Chair_007_1.png,Chair_007_1,Chair,Black spindle-back chair,https://cs-people.bu.edu/array/research/r2d3/asset_ims/Box_17.png,Box_17,Box,Open cardboard box.
https://cs-people.bu.edu/array/research/r2d3/asset_ims/Sofa_210_1.png,Sofa_210_1,Sofa,A gray upholstered sofa.,https://cs-people.bu.edu/array/research/r2d3/asset_ims/Side_Table_213_1_1.png,Side_Table_213_1_1,Side Table,"A brown, T-shaped wooden table.",https://cs-people.bu.edu/array/research/r2d3/asset_ims/RoboTHOR_dresser_birkeland.png,RoboTHOR_dresser_birkeland,dresser birkeland,A light blue dresser with silver handles.,https://cs-people.bu.edu/array/research/r2d3/asset_ims/Dresser_318_1.png,Dresser_318_1,Dresser,Dark brown wooden dresser
https://cs-people.bu.edu/array/research/r2d3/asset_ims/Countertop_Island_6x3.png,Countertop_Island_6x3,Countertop Island x,A dark countertop island.,https://cs-people.bu.edu/array/research/r2d3/asset_ims/Sofa_223_3.png,Sofa_223_3,Sofa,A dark blue modern sofa.,https://cs-people.bu.edu/array/research/r2d3/asset_ims/Side_Table_230_1.png,Side_Table_230_1,Side Table,A transparent glass table with metal legs,https://cs-people.bu.edu/array/research/r2d3/asset_ims/Dresser_413_1.png,Dresser_413_1,Dresser,Modern gray dresser with three drawers
https://cs-people.bu.edu/array/research/r2d3/asset_ims/Bed_7.png,Bed_7,Bed,A gray sofa with a simple design.,https://cs-people.bu.edu/array/research/r2d3/asset_ims/Coffee_Table_206_1.png,Coffee_Table_206_1,Coffee Table,A minimalist-style glass top coffee table with metal frame.,https://cs-people.bu.edu/array/research/r2d3/asset_ims/Stool_2_1.png,Stool_2_1,Stool,Black bar stool.,https://cs-people.bu.edu/array/research/r2d3/asset_ims/TV_Stand_211_1.png,TV_Stand_211_1,TV Stand,Modern glass TV stand with metal frame
https://cs-people.bu.edu/array/research/r2d3/asset_ims/Plunger_3.png,Plunger_3,Plunger,"Black handle, blue rubber cup",https://cs-people.bu.edu/array/research/r2d3/asset_ims/Side_Table_302_1_4.png,Side_Table_302_1_4,Side Table,A black modern side table with drawers.,https://cs-people.bu.edu/array/research/r2d3/asset_ims/Countertop_L_4x8.png,Countertop_L_4x8,Countertop L x,Dark grey L-shaped countertop.,https://cs-people.bu.edu/array/research/r2d3/asset_ims/Box_5.png,Box_5,Box,An open cardboard box.
https://cs-people.bu.edu/array/research/r2d3/asset_ims/Dresser_209_1.png,Dresser_209_1,Dresser,A low-profile brown wooden dresser.,https://cs-people.bu.edu/array/research/r2d3/asset_ims/Side_Table_223_1.png,Side_Table_223_1,Side Table,Black folding side table.,https://cs-people.bu.edu/array/research/r2d3/asset_ims/Floor_Lamp_5.png,Floor_Lamp_5,Floor Lamp,Tall floor lamp with a tapered shade.,https://cs-people.bu.edu/array/research/r2d3/asset_ims/Floor_Lamp_18.png,Floor_Lamp_18,Floor Lamp,Tall floor lamp with spherical accents and fabric shade
https://cs-people.bu.edu/array/research/r2d3/asset_ims/Coffee_Table_211_1.png,Coffee_Table_211_1,Coffee Table,A modern black framed coffee table with a glass top,https://cs-people.bu.edu/array/research/r2d3/asset_ims/Dining_Table_23_2.png,Dining_Table_23_2,Dining Table,blue-grey minimalist table,https://cs-people.bu.edu/array/research/r2d3/asset_ims/Dresser_315_1.png,Dresser_315_1,Dresser,Dark brown wooden dresser with six drawers and round knobs.,https://cs-people.bu.edu/array/research/r2d3/asset_ims/Side_Table_210_2_1.png,Side_Table_210_2_1,Side Table,a brown ceramic vase
https://cs-people.bu.edu/array/research/r2d3/asset_ims/RoboTHOR_bed_tarva_v.png,RoboTHOR_bed_tarva_v,bed tarva v,A simple wooden bed frame with striped bedding.,https://cs-people.bu.edu/array/research/r2d3/asset_ims/TV_Stand_212_1.png,TV_Stand_212_1,TV Stand,a dark brown TV stand,https://cs-people.bu.edu/array/research/r2d3/asset_ims/RoboTHOR_armchair_tullsta.png,RoboTHOR_armchair_tullsta,armchair tullsta,A gray fabric armchair,https://cs-people.bu.edu/array/research/r2d3/asset_ims/Houseplant_11.png,Houseplant_11,Houseplant,Potted green houseplant with long leaves.
https://cs-people.bu.edu/array/research/r2d3/asset_ims/RoboTHOR_side_table_tingby.png,RoboTHOR_side_table_tingby,side table tingby,Gray modern side table with wheels,https://cs-people.bu.edu/array/research/r2d3/asset_ims/Desk_323_1.png,Desk_323_1,Desk,A brown wooden desk with drawers.,https://cs-people.bu.edu/array/research/r2d3/asset_ims/Fridge_20.png,Fridge_20,Fridge,Black modern refrigerator with a water dispenser,https://cs-people.bu.edu/array/research/r2d3/asset_ims/Wall_Decor_Painting_1V.png,Wall_Decor_Painting_1V,Wall Decor Painting V,framed landscape painting with airship
https://cs-people.bu.edu/array/research/r2d3/asset_ims/Houseplant_6.png,Houseplant_6,Houseplant,Green potted houseplant,https://cs-people.bu.edu/array/research/r2d3/asset_ims/Safe_18_1.png,Safe_18_1,Safe,a gray metal safe,https://cs-people.bu.edu/array/research/r2d3/asset_ims/Shelving_Unit_219_1.png,Shelving_Unit_219_1,Shelving Unit,"Gray, three-tiered shelving unit with wavy top design.",https://cs-people.bu.edu/array/research/r2d3/asset_ims/Floor_Lamp_15.png,Floor_Lamp_15,Floor Lamp,Floor lamp with tripod base and white shade
https://cs-people.bu.edu/array/research/r2d3/asset_ims/Desk_310_1.png,Desk_310_1,Desk,Modern wooden desk with drawers and metal legs.,https://cs-people.bu.edu/array/research/r2d3/asset_ims/Side_Table_209_1_1.png,Side_Table_209_1_1,Side Table,A brown wooden side table.,https://cs-people.bu.edu/array/research/r2d3/asset_ims/Shelving_Unit_313_1.png,Shelving_Unit_313_1,Shelving Unit,Blue modular shelving unit,https://cs-people.bu.edu/array/research/r2d3/asset_ims/bin_20.png,bin_20,bin,A cylindrical green bin
https://cs-people.bu.edu/array/research/r2d3/asset_ims/bin_29.png,bin_29,bin,A cylindrical silver trash bin with a black top.,https://cs-people.bu.edu/array/research/r2d3/asset_ims/RoboTHOR_dresser_rast_v.png,RoboTHOR_dresser_rast_v,dresser rast v,A gray four-drawer dresser.,https://cs-people.bu.edu/array/research/r2d3/asset_ims/Coffee_Table_202_2.png,Coffee_Table_202_2,Coffee Table,"A black, modern, rectangular coffee table.",https://cs-people.bu.edu/array/research/r2d3/asset_ims/Side_Table_216_2_1.png,Side_Table_216_2_1,Side Table,Brown wooden side table with drawer.
https://cs-people.bu.edu/array/research/r2d3/asset_ims/Chair_313_1.png,Chair_313_1,Chair,Black office chair with a circular backrest.,https://cs-people.bu.edu/array/research/r2d3/asset_ims/Wall_Decor_Painting_10.png,Wall_Decor_Painting_10,Wall Decor Painting,a starry night sky painting,https://cs-people.bu.edu/array/research/r2d3/asset_ims/Countertop_C_8x10.png,Countertop_C_8x10,Countertop C x,Angled black countertop with cabinets,https://cs-people.bu.edu/array/research/r2d3/asset_ims/Chair_204_1.png,Chair_204_1,Chair,Modern chair with metallic arms and brown cushions.
https://cs-people.bu.edu/array/research/r2d3/asset_ims/Coffee_Table_215_2.png,Coffee_Table_215_2,Coffee Table,A low round table with black legs.,https://cs-people.bu.edu/array/research/r2d3/asset_ims/Side_Table_216_3_1.png,Side_Table_216_3_1,Side Table,A small brown side table with a drawer.,https://cs-people.bu.edu/array/research/r2d3/asset_ims/Coffee_Table_214_1.png,Coffee_Table_214_1,Coffee Table,"Black, modern coffee table.",https://cs-people.bu.edu/array/research/r2d3/asset_ims/Dining_Table_7_1.png,Dining_Table_7_1,Dining Table,Round wooden table with single central leg.
https://cs-people.bu.edu/array/research/r2d3/asset_ims/bin_17.png,bin_17,bin,a cylindrical maroon bin,https://cs-people.bu.edu/array/research/r2d3/asset_ims/Fridge_3.png,Fridge_3,Fridge,A silver double-door refrigerator.,https://cs-people.bu.edu/array/research/r2d3/asset_ims/TV_Stand_204_1.png,TV_Stand_204_1,TV Stand,Black modern TV stand,https://cs-people.bu.edu/array/research/r2d3/asset_ims/RoboTHOR_office_chair_jules.png,RoboTHOR_office_chair_jules,office chair jules,Swivel office chair with perforated backrest
https://cs-people.bu.edu/array/research/r2d3/asset_ims/Sink_19.png,Sink_19,Sink,Pedestal sink with a wide basin.,https://cs-people.bu.edu/array/research/r2d3/asset_ims/Dresser_323_1.png,Dresser_323_1,Dresser,"Brown, wooden dresser with three drawers",https://cs-people.bu.edu/array/research/r2d3/asset_ims/bin_18.png,bin_18,bin,Black cylindrical bin.,https://cs-people.bu.edu/array/research/r2d3/asset_ims/bin_7.png,bin_7,bin,Green recycling bin
https://cs-people.bu.edu/array/research/r2d3/asset_ims/Box_6.png,Box_6,Box,Open brown cardboard box.,https://cs-people.bu.edu/array/research/r2d3/asset_ims/Fridge_6.png,Fridge_6,Fridge,Black refrigerator with magnets,https://cs-people.bu.edu/array/research/r2d3/asset_ims/Armchair_201_4.png,Armchair_201_4,Armchair,Floral patterned upholstered armchair.,https://cs-people.bu.edu/array/research/r2d3/asset_ims/Desk_308_1_1.png,Desk_308_1_1,Desk,A wooden shelving unit with cabinets.
https://cs-people.bu.edu/array/research/r2d3/asset_ims/Sofa_216_2.png,Sofa_216_2,Sofa,three-seater gray sofa,https://cs-people.bu.edu/array/research/r2d3/asset_ims/Countertop_Island_4x3.png,Countertop_Island_4x3,Countertop Island x,Black countertop island,https://cs-people.bu.edu/array/research/r2d3/asset_ims/Dresser_217_1.png,Dresser_217_1,Dresser,A dark wooden dresser with patterned doors,https://cs-people.bu.edu/array/research/r2d3/asset_ims/Side_Table_213_3_1.png,Side_Table_213_3_1,Side Table,Black modern side table.
https://cs-people.bu.edu/array/research/r2d3/asset_ims/Floor_Lamp_23.png,Floor_Lamp_23,Floor Lamp,"White flared lampshade, twisted base design",https://cs-people.bu.edu/array/research/r2d3/asset_ims/Box_9.png,Box_9,Box,Open cardboard box.,https://cs-people.bu.edu/array/research/r2d3/asset_ims/Wall_Decor_Photo_2.png,Wall_Decor_Photo_2,Wall Decor Photo,A framed landscape photograph with mountains and cloudy sky.,https://cs-people.bu.edu/array/research/r2d3/asset_ims/Dresser_301_1.png,Dresser_301_1,Dresser,A gray six-drawer dresser
https://cs-people.bu.edu/array/research/r2d3/asset_ims/RoboTHOR_coffee_table_bankas.png,RoboTHOR_coffee_table_bankas,coffee table bankas,Modern coffee table with metal legs,https://cs-people.bu.edu/array/research/r2d3/asset_ims/Countertop_Island_8x3.png,Countertop_Island_8x3,Countertop Island x,A black countertop island.,https://cs-people.bu.edu/array/research/r2d3/asset_ims/Sink_15.png,Sink_15,Sink,"gray stone sink, rectangular basin",https://cs-people.bu.edu/array/research/r2d3/asset_ims/Stool_1_3.png,Stool_1_3,Stool,A silver three-legged stool
https://cs-people.bu.edu/array/research/r2d3/asset_ims/Side_Table_205_2_1.png,Side_Table_205_2_1,Side Table,Round black side table with slender legs.,https://cs-people.bu.edu/array/research/r2d3/asset_ims/Chair_311_1.png,Chair_311_1,Chair,A modern chair with a high backrest and fabric upholstery.,https://cs-people.bu.edu/array/research/r2d3/asset_ims/Coffee_Table_209_1.png,Coffee_Table_209_1,Coffee Table,A rectangular wooden coffee table with a lower shelf.,https://cs-people.bu.edu/array/research/r2d3/asset_ims/Bed_26_1.png,Bed_26_1,Bed,A simple wooden bed with blue bedding.
https://cs-people.bu.edu/array/research/r2d3/asset_ims/Shelving_Unit_001_1.png,Shelving_Unit_001_1,Shelving Unit,Black metal shelving unit,https://cs-people.bu.edu/array/research/r2d3/asset_ims/Side_Table_223_2.png,Side_Table_223_2,Side Table,"Tall, white-top side table with crisscross metallic legs",https://cs-people.bu.edu/array/research/r2d3/asset_ims/Fridge_9.png,Fridge_9,Fridge,Double-door stainless steel refrigerator.,https://cs-people.bu.edu/array/research/r2d3/asset_ims/Bed_4.png,Bed_4,Bed,Wooden bunk bed with blue bedding.
https://cs-people.bu.edu/array/research/r2d3/asset_ims/RoboTHOR_dining_table_liatorp.png,RoboTHOR_dining_table_liatorp,dining table liatorp,"A round, grey, pedestal table",https://cs-people.bu.edu/array/research/r2d3/asset_ims/RoboTHOR_office_chair_allak.png,RoboTHOR_office_chair_allak,office chair allak,Blue office chair with armrests and wheels,https://cs-people.bu.edu/array/research/r2d3/asset_ims/Dresser_319_2.png,Dresser_319_2,Dresser,A brown wooden dresser with six drawers.,https://cs-people.bu.edu/array/research/r2d3/asset_ims/Fridge_14.png,Fridge_14,Fridge,stainless steel double-door refrigerator with ice dispenser
https://cs-people.bu.edu/array/research/r2d3/asset_ims/Box_4.png,Box_4,Box,Open cardboard box,https://cs-people.bu.edu/array/research/r2d3/asset_ims/Fridge_27.png,Fridge_27,Fridge,A black upright refrigerator.,https://cs-people.bu.edu/array/research/r2d3/asset_ims/Side_Table_302_1_5.png,Side_Table_302_1_5,Side Table,Modern brown side table with drawer.,https://cs-people.bu.edu/array/research/r2d3/asset_ims/Fridge_29.png,Fridge_29,Fridge,Double-door stainless steel refrigerator
https://cs-people.bu.edu/array/research/r2d3/asset_ims/Bed_18_2.png,Bed_18_2,Bed,Dark wooden frame bed with slats,https://cs-people.bu.edu/array/research/r2d3/asset_ims/Side_Table_202_1.png,Side_Table_202_1,Side Table,Dark wooden side table with an open shelf,https://cs-people.bu.edu/array/research/r2d3/asset_ims/Shelving_Unit_215_1.png,Shelving_Unit_215_1,Shelving Unit,A black wooden console table,https://cs-people.bu.edu/array/research/r2d3/asset_ims/Side_Table_309_1.png,Side_Table_309_1,Side Table,A round top side table with slender legs.
https://cs-people.bu.edu/array/research/r2d3/asset_ims/Countertop_L_10x4.png,Countertop_L_10x4,Countertop L x,Black L-shaped countertop,https://cs-people.bu.edu/array/research/r2d3/asset_ims/Fridge_23.png,Fridge_23,Fridge,Black modern refrigerator with stainless steel handles.,https://cs-people.bu.edu/array/research/r2d3/asset_ims/Box_19.png,Box_19,Box,Open cardboard box.,https://cs-people.bu.edu/array/research/r2d3/asset_ims/Desk_328_1.png,Desk_328_1,Desk,Modern-style wooden desk with glass panel
https://cs-people.bu.edu/array/research/r2d3/asset_ims/Fridge_15.png,Fridge_15,Fridge,Black curved refrigerator,https://cs-people.bu.edu/array/research/r2d3/asset_ims/Floor_Lamp_27.png,Floor_Lamp_27,Floor Lamp,tripod floor lamp with a green shade,https://cs-people.bu.edu/array/research/r2d3/asset_ims/Dresser_218_1.png,Dresser_218_1,Dresser,"A low, modern wooden dresser with six drawers",https://cs-people.bu.edu/array/research/r2d3/asset_ims/bin_9.png,bin_9,bin,Blue recycling bin with symbol.
https://cs-people.bu.edu/array/research/r2d3/asset_ims/BaseballBat_1.png,BaseballBat_1,BaseballBat,black cylindrical baseball bat,https://cs-people.bu.edu/array/research/r2d3/asset_ims/Wall_Decor_Painting_3.png,Wall_Decor_Painting_3,Wall Decor Painting,Abstract wall painting in black frame,https://cs-people.bu.edu/array/research/r2d3/asset_ims/Floor_Lamp_26.png,Floor_Lamp_26,Floor Lamp,Tall floor lamp with a white shade,https://cs-people.bu.edu/array/research/r2d3/asset_ims/Plunger_1.png,Plunger_1,Plunger,Black cup plunger with wooden handle
https://cs-people.bu.edu/array/research/r2d3/asset_ims/Bed_12.png,Bed_12,Bed,Low-profile bed with blue bedding.,https://cs-people.bu.edu/array/research/r2d3/asset_ims/RoboTHOR_baseball_bat_rawlings_v.png,RoboTHOR_baseball_bat_rawlings_v,baseball bat rawlings v,Black and brown baseball bat.,https://cs-people.bu.edu/array/research/r2d3/asset_ims/Safe_18_2.png,Safe_18_2,Safe,a gray secure safe,https://cs-people.bu.edu/array/research/r2d3/asset_ims/Bed_20.png,Bed_20,Bed,A simple bed with blue bedding.
https://cs-people.bu.edu/array/research/r2d3/asset_ims/RoboTHOR_chair_mella.png,RoboTHOR_chair_mella,chair mella,A modern chair with metal frame and black seat.,https://cs-people.bu.edu/array/research/r2d3/asset_ims/bin_26.png,bin_26,bin,Black cylindrical bin with lid,https://cs-people.bu.edu/array/research/r2d3/asset_ims/Bed_2.png,Bed_2,Bed,Wooden bed with patterned blanket.,https://cs-people.bu.edu/array/research/r2d3/asset_ims/Dresser_315_3.png,Dresser_315_3,Dresser,Black modern dresser with metallic handles.
https://cs-people.bu.edu/array/research/r2d3/asset_ims/Cart_1.png,Cart_1,Cart,two-tiered metal cart,https://cs-people.bu.edu/array/research/r2d3/asset_ims/Side_Table_322_1.png,Side_Table_322_1,Side Table,Brown side table with drawers,https://cs-people.bu.edu/array/research/r2d3/asset_ims/Coffee_Table_227_1_1.png,Coffee_Table_227_1_1,Coffee Table,"A low, round, black coffee table",https://cs-people.bu.edu/array/research/r2d3/asset_ims/Wall_Decor_Painting_6.png,Wall_Decor_Painting_6,Wall Decor Painting,a framed monochromatic wall decor painting
https://cs-people.bu.edu/array/research/r2d3/asset_ims/Fridge_22.png,Fridge_22,Fridge,Gray modern refrigerator with magnets,https://cs-people.bu.edu/array/research/r2d3/asset_ims/Sofa_203_1.png,Sofa_203_1,Sofa,A dark-colored sofa with a red throw pillow.,https://cs-people.bu.edu/array/research/r2d3/asset_ims/Chair_007_2.png,Chair_007_2,Chair,A brown wooden spindle-back chair.,https://cs-people.bu.edu/array/research/r2d3/asset_ims/Desk_312_1.png,Desk_312_1,Desk,Modern gray desk with shelves
https://cs-people.bu.edu/array/research/r2d3/asset_ims/Armchair_201_2.png,Armchair_201_2,Armchair,Black leather armchair with cushion.,https://cs-people.bu.edu/array/research/r2d3/asset_ims/Chair_204_5.png,Chair_204_5,Chair,a minimalist wooden chair,https://cs-people.bu.edu/array/research/r2d3/asset_ims/bin_21.png,bin_21,bin,A cylindrical silver can.,https://cs-people.bu.edu/array/research/r2d3/asset_ims/BaseballBat_3.png,BaseballBat_3,BaseballBat,blue and silver baseball bat
https://cs-people.bu.edu/array/research/r2d3/asset_ims/Side_Table_220_2.png,Side_Table_220_2,Side Table,Black modern side table with drawers.,https://cs-people.bu.edu/array/research/r2d3/asset_ims/Sofa_216_4.png,Sofa_216_4,Sofa,A dark upholstered sofa with two cushions.,https://cs-people.bu.edu/array/research/r2d3/asset_ims/Ottoman_210_1.png,Ottoman_210_1,Ottoman,A black tufted ottoman,https://cs-people.bu.edu/array/research/r2d3/asset_ims/RoboTHOR_coffee_table_hemnes.png,RoboTHOR_coffee_table_hemnes,coffee table hemnes,A gray rectangular table
https://cs-people.bu.edu/array/research/r2d3/asset_ims/Washing_Machine_2.png,Washing_Machine_2,Washing Machine,Front-loading washing machine with digital display.,https://cs-people.bu.edu/array/research/r2d3/asset_ims/Floor_Lamp_6.png,Floor_Lamp_6,Floor Lamp,tall floor lamp with fabric shade,https://cs-people.bu.edu/array/research/r2d3/asset_ims/Dining_Table_221_1.png,Dining_Table_221_1,Dining Table,a blue-grey rectangular table,https://cs-people.bu.edu/array/research/r2d3/asset_ims/Box_1.png,Box_1,Box,a gray cardboard box with open flaps
https://cs-people.bu.edu/array/research/r2d3/asset_ims/Shelving_Unit_303_1.png,Shelving_Unit_303_1,Shelving Unit,"A low, brown storage unit with open compartments.",https://cs-people.bu.edu/array/research/r2d3/asset_ims/Sofa_221_1.png,Sofa_221_1,Sofa,a blue two-seater sofa with green and blue cushions,https://cs-people.bu.edu/array/research/r2d3/asset_ims/Television_27.png,Television_27,Television,"Flat-screen television, black bezel, off-screen",https://cs-people.bu.edu/array/research/r2d3/asset_ims/Side_Table_201_3_1.png,Side_Table_201_3_1,Side Table,Black folding side table
https://cs-people.bu.edu/array/research/r2d3/asset_ims/Desk_326_1.png,Desk_326_1,Desk,L-shaped modern desk with file cabinets,https://cs-people.bu.edu/array/research/r2d3/asset_ims/Desk_315_1.png,Desk_315_1,Desk,White minimalist desk with tapered legs,https://cs-people.bu.edu/array/research/r2d3/asset_ims/Sofa_201_1.png,Sofa_201_1,Sofa,A black modern sofa,https://cs-people.bu.edu/array/research/r2d3/asset_ims/Desk_311_1.png,Desk_311_1,Desk,Dark-colored rectangular table
https://cs-people.bu.edu/array/research/r2d3/asset_ims/Side_Table_302_1_1.png,Side_Table_302_1_1,Side Table,A brown side table with a drawer.,https://cs-people.bu.edu/array/research/r2d3/asset_ims/Sofa_207_3.png,Sofa_207_3,Sofa,A green three-cushion sofa.,https://cs-people.bu.edu/array/research/r2d3/asset_ims/Floor_Lamp_10.png,Floor_Lamp_10,Floor Lamp,Tall floor lamp with white shade.,https://cs-people.bu.edu/array/research/r2d3/asset_ims/Desk_307_1_1.png,Desk_307_1_1,Desk,A modern wooden desk with open shelves.
https://cs-people.bu.edu/array/research/r2d3/asset_ims/Desk_304_1.png,Desk_304_1,Desk,A brown office desk with drawers,https://cs-people.bu.edu/array/research/r2d3/asset_ims/Countertop_I_8x2.png,Countertop_I_8x2,Countertop I x,Modern black countertop,https://cs-people.bu.edu/array/research/r2d3/asset_ims/bin_23.png,bin_23,bin,a silver cylindrical bin with a blue lid,https://cs-people.bu.edu/array/research/r2d3/asset_ims/Stool_2_3.png,Stool_2_3,Stool,A simple wooden stool.
https://cs-people.bu.edu/array/research/r2d3/asset_ims/Television_14.png,Television_14,Television,Flat-screen television with side speakers.,https://cs-people.bu.edu/array/research/r2d3/asset_ims/Dresser_318_2.png,Dresser_318_2,Dresser,"Dark brown, three-drawer dresser.",https://cs-people.bu.edu/array/research/r2d3/asset_ims/Box_26.png,Box_26,Box,Open cardboard box with shadow.,https://cs-people.bu.edu/array/research/r2d3/asset_ims/Sofa_216_3.png,Sofa_216_3,Sofa,Gray upholstered sofa
https://cs-people.bu.edu/array/research/r2d3/asset_ims/Dining_Table_21_1.png,Dining_Table_21_1,Dining Table,A glass top table with metal legs.,https://cs-people.bu.edu/array/research/r2d3/asset_ims/Sofa_204_1.png,Sofa_204_1,Sofa,Gray modern sofa with pillows.,https://cs-people.bu.edu/array/research/r2d3/asset_ims/Box_3.png,Box_3,Box,Open brown cardboard box.,https://cs-people.bu.edu/array/research/r2d3/asset_ims/RoboTHOR_desk_gustav.png,RoboTHOR_desk_gustav,desk gustav,"Dark brown, minimalistic desk"
https://cs-people.bu.edu/array/research/r2d3/asset_ims/Box_14.png,Box_14,Box,Open cardboard box,https://cs-people.bu.edu/array/research/r2d3/asset_ims/Armchair_220_1.png,Armchair_220_1,Armchair,A dark-colored armchair.,https://cs-people.bu.edu/array/research/r2d3/asset_ims/bin_25.png,bin_25,bin,Green tapered trash bin.,https://cs-people.bu.edu/array/research/r2d3/asset_ims/Bed_5.png,Bed_5,Bed,A simple wooden bench.
https://cs-people.bu.edu/array/research/r2d3/asset_ims/Dresser_210_1_1.png,Dresser_210_1_1,Dresser,Modern brown dresser with six drawers,https://cs-people.bu.edu/array/research/r2d3/asset_ims/Chair_205_1.png,Chair_205_1,Chair,Black office chair with wheels,https://cs-people.bu.edu/array/research/r2d3/asset_ims/RoboTHOR_coffee_table_lisabo.png,RoboTHOR_coffee_table_lisabo,coffee table lisabo,"A low, rectangular table with glass legs.",https://cs-people.bu.edu/array/research/r2d3/asset_ims/Countertop_C_10x6.png,Countertop_C_10x6,Countertop C x,L-shaped black countertop
https://cs-people.bu.edu/array/research/r2d3/asset_ims/RoboTHOR_bed_kritter.png,RoboTHOR_bed_kritter,bed kritter,Rendered wooden bed frame with a simple design.,https://cs-people.bu.edu/array/research/r2d3/asset_ims/RoboTHOR_office_chair_volmar.png,RoboTHOR_office_chair_volmar,office chair volmar,a gray swivel office chair with high back,https://cs-people.bu.edu/array/research/r2d3/asset_ims/Stool_2_4.png,Stool_2_4,Stool,Wooden folding stool.,https://cs-people.bu.edu/array/research/r2d3/asset_ims/Sofa_216_1.png,Sofa_216_1,Sofa,Three-seater sofa with dark cushions
https://cs-people.bu.edu/array/research/r2d3/asset_ims/Wall_Decor_Photo_6.png,Wall_Decor_Photo_6,Wall Decor Photo,a mountainous landscape wall decor photo,https://cs-people.bu.edu/array/research/r2d3/asset_ims/Dresser_224_1.png,Dresser_224_1,Dresser,Black dresser with multiple drawers.,https://cs-people.bu.edu/array/research/r2d3/asset_ims/GarbageBag_21_1.png,GarbageBag_21_1,GarbageBag,A tied black garbage bag.,https://cs-people.bu.edu/array/research/r2d3/asset_ims/Armchair_205_1_1.png,Armchair_205_1_1,Armchair,a dark red fabric armchair
https://cs-people.bu.edu/array/research/r2d3/asset_ims/Armchair_201_3.png,Armchair_201_3,Armchair,Black leather armchair,https://cs-people.bu.edu/array/research/r2d3/asset_ims/Armchair_208_3.png,Armchair_208_3,Armchair,Black armchair with green cushion,https://cs-people.bu.edu/array/research/r2d3/asset_ims/Side_Table_213_2_1.png,Side_Table_213_2_1,Side Table,"Black, modern side table.",https://cs-people.bu.edu/array/research/r2d3/asset_ims/bin_14.png,bin_14,bin,Black tapered bin.
https://cs-people.bu.edu/array/research/r2d3/asset_ims/Bed_3.png,Bed_3,Bed,A simple wooden bed with blue bedding.,https://cs-people.bu.edu/array/research/r2d3/asset_ims/Dining_Table_27_1.png,Dining_Table_27_1,Dining Table,Glass-top table with metal legs,https://cs-people.bu.edu/array/research/r2d3/asset_ims/Side_Table_201_1_1.png,Side_Table_201_1_1,Side Table,Black side table with drawers.,https://cs-people.bu.edu/array/research/r2d3/asset_ims/Chair_205_4.png,Chair_205_4,Chair,Modern chair with metallic legs and brown seat
https://cs-people.bu.edu/array/research/r2d3/asset_ims/RoboTHOR_desk_lisabo.png,RoboTHOR_desk_lisabo,desk lisabo,A brown wooden desk with angled legs.,https://cs-people.bu.edu/array/research/r2d3/asset_ims/Bed_23.png,Bed_23,Bed,A gray rectangular object.,https://cs-people.bu.edu/array/research/r2d3/asset_ims/Bed_14.png,Bed_14,Bed,A simple bed with blue bedding.,https://cs-people.bu.edu/array/research/r2d3/asset_ims/Laundry_Hamper_1_4.png,Laundry_Hamper_1_4,Laundry Hamper,Black cylindrical laundry hamper with handles
https://cs-people.bu.edu/array/research/r2d3/asset_ims/Dining_Table_208_1.png,Dining_Table_208_1,Dining Table,Oval wooden table with white legs,https://cs-people.bu.edu/array/research/r2d3/asset_ims/Sofa_220_1.png,Sofa_220_1,Sofa,A plaid patterned sofa with cushions,https://cs-people.bu.edu/array/research/r2d3/asset_ims/RoboTHOR_desk_fjallbo_v.png,RoboTHOR_desk_fjallbo_v,desk fjallbo v,Black metal frame desk with an open shelf,https://cs-people.bu.edu/array/research/r2d3/asset_ims/Dining_Table_218_1.png,Dining_Table_218_1,Dining Table,I cannot assist with this request.
https://cs-people.bu.edu/array/research/r2d3/asset_ims/Countertop_L_8x10.png,Countertop_L_8x10,Countertop L x,Black modern countertop with L shape.,https://cs-people.bu.edu/array/research/r2d3/asset_ims/Countertop_L_10x6.png,Countertop_L_10x6,Countertop L x,A minimalist L-shaped countertop,https://cs-people.bu.edu/array/research/r2d3/asset_ims/Shelving_Unit_324_1.png,Shelving_Unit_324_1,Shelving Unit,"Dark brown, modern shelving unit.",https://cs-people.bu.edu/array/research/r2d3/asset_ims/Chair_204_8.png,Chair_204_8,Chair,Modern chair with metal frame and maroon cushions.
https://cs-people.bu.edu/array/research/r2d3/asset_ims/Armchair_205_2_1.png,Armchair_205_2_1,Armchair,Brown upholstered armchair.,https://cs-people.bu.edu/array/research/r2d3/asset_ims/RoboTHOR_armchair_ektorp.png,RoboTHOR_armchair_ektorp,armchair ektorp,Beige armchair with rounded arms.,https://cs-people.bu.edu/array/research/r2d3/asset_ims/Chair_307_1.png,Chair_307_1,Chair,A simple brown wooden chair.,https://cs-people.bu.edu/array/research/r2d3/asset_ims/Fridge_21.png,Fridge_21,Fridge,Black vintage-style refrigerator
https://cs-people.bu.edu/array/research/r2d3/asset_ims/Wall_Decor_Painting_8.png,Wall_Decor_Painting_8,Wall Decor Painting,The image is too blurry to provide a detailed description.,https://cs-people.bu.edu/array/research/r2d3/asset_ims/Clothes_Dryer_2.png,Clothes_Dryer_2,Clothes Dryer,front-loading clothes dryer with digital display,https://cs-people.bu.edu/array/research/r2d3/asset_ims/Armchair_227_1.png,Armchair_227_1,Armchair,Gray modern armchair,https://cs-people.bu.edu/array/research/r2d3/asset_ims/bin_2.png,bin_2,bin,A tapered grey trash bin
https://cs-people.bu.edu/array/research/r2d3/asset_ims/RoboTHOR_dining_table_norden_gateleg.png,RoboTHOR_dining_table_norden_gateleg,dining table norden gateleg,"A dark brown, rectangular wooden table.",https://cs-people.bu.edu/array/research/r2d3/asset_ims/Dining_Table_228_1.png,Dining_Table_228_1,Dining Table,Stone top table with a wooden leg,https://cs-people.bu.edu/array/research/r2d3/asset_ims/Bed_19.png,Bed_19,Bed,A dark bed with blue bedding.,https://cs-people.bu.edu/array/research/r2d3/asset_ims/TV_Stand_206_3.png,TV_Stand_206_3,TV Stand,blue modern TV stand
https://cs-people.bu.edu/array/research/r2d3/asset_ims/Side_Table_228_1_1.png,Side_Table_228_1_1,Side Table,Dark brown side table with X-shaped legs.,https://cs-people.bu.edu/array/research/r2d3/asset_ims/Box_2.png,Box_2,Box,Open cardboard box.,https://cs-people.bu.edu/array/research/r2d3/asset_ims/RoboTHOR_sofa_alrid.png,RoboTHOR_sofa_alrid,sofa alrid,a black modern sofa,https://cs-people.bu.edu/array/research/r2d3/asset_ims/Desk_307_2_1.png,Desk_307_2_1,Desk,simple brown wooden desk
https://cs-people.bu.edu/array/research/r2d3/asset_ims/Side_Table_201_2_1.png,Side_Table_201_2_1,Side Table,Black console table with drawers,https://cs-people.bu.edu/array/research/r2d3/asset_ims/Stool_3_1.png,Stool_3_1,Stool,Blue plastic stool with metal legs,https://cs-people.bu.edu/array/research/r2d3/asset_ims/TV_Stand_222_1.png,TV_Stand_222_1,TV Stand,A low-profile black TV stand,https://cs-people.bu.edu/array/research/r2d3/asset_ims/Armchair_210_1.png,Armchair_210_1,Armchair,Black modern armchair
https://cs-people.bu.edu/array/research/r2d3/asset_ims/Desk_327_1.png,Desk_327_1,Desk,A modern desk with glass top and gold legs.,https://cs-people.bu.edu/array/research/r2d3/asset_ims/RoboTHOR_bed_hemnes.png,RoboTHOR_bed_hemnes,bed hemnes,A dark brown wooden bed frame,https://cs-people.bu.edu/array/research/r2d3/asset_ims/Plunger_2.png,Plunger_2,Plunger,Red cup plunger with wooden handle,https://cs-people.bu.edu/array/research/r2d3/asset_ims/Chair_205_2.png,Chair_205_2,Chair,Green plastic chair with metallic legs
https://cs-people.bu.edu/array/research/r2d3/asset_ims/Wall_Decor_Photo_1V.png,Wall_Decor_Photo_1V,Wall Decor Photo V,Framed photo with landscape and silhouette,https://cs-people.bu.edu/array/research/r2d3/asset_ims/Desk_308_2_1.png,Desk_308_2_1,Desk,A brown wooden desk with cabinet.,https://cs-people.bu.edu/array/research/r2d3/asset_ims/Boot_1.png,Boot_1,Boot,A pair of tall black boots.,https://cs-people.bu.edu/array/research/r2d3/asset_ims/Floor_Lamp_3.png,Floor_Lamp_3,Floor Lamp,Tall floor lamp with yellow shade and metallic stand
https://cs-people.bu.edu/array/research/r2d3/asset_ims/GarbageBag_21_2.png,GarbageBag_21_2,GarbageBag,"Blue, translucent garbage bag",https://cs-people.bu.edu/array/research/r2d3/asset_ims/Bed_26_2.png,Bed_26_2,Bed,A low-poly render of a bed with a brown blanket.,https://cs-people.bu.edu/array/research/r2d3/asset_ims/Sofa_214_1.png,Sofa_214_1,Sofa,A dark tufted sofa.,https://cs-people.bu.edu/array/research/r2d3/asset_ims/Countertop_C_8x4.png,Countertop_C_8x4,Countertop C x,L-shaped dark countertop
https://cs-people.bu.edu/array/research/r2d3/asset_ims/Countertop_C_10x10.png,Countertop_C_10x10,Countertop C x,L-shaped dark countertop,https://cs-people.bu.edu/array/research/r2d3/asset_ims/Box_20.png,Box_20,Box,A cardboard box with an open flap.,https://cs-people.bu.edu/array/research/r2d3/asset_ims/bin_22.png,bin_22,bin,Blue cylindrical bin,https://cs-people.bu.edu/array/research/r2d3/asset_ims/Chair_002_1.png,Chair_002_1,Chair,Brown chair with armrests and curved back.
https://cs-people.bu.edu/array/research/r2d3/asset_ims/RoboTHOR_bed_grankulla.png,RoboTHOR_bed_grankulla,bed grankulla,Low-profile sofa or daybed with dark frame and light cushion,https://cs-people.bu.edu/array/research/r2d3/asset_ims/Desk_204_1.png,Desk_204_1,Desk,A dark-colored corner desk with drawers.,https://cs-people.bu.edu/array/research/r2d3/asset_ims/RoboTHOR_office_chair_skruvsta.png,RoboTHOR_office_chair_skruvsta,office chair skruvsta,red swivel chair,https://cs-people.bu.edu/array/research/r2d3/asset_ims/Dresser_315_2.png,Dresser_315_2,Dresser,Brown wooden dresser with six drawers.
https://cs-people.bu.edu/array/research/r2d3/asset_ims/Box_22.png,Box_22,Box,Gray open box.,https://cs-people.bu.edu/array/research/r2d3/asset_ims/Fridge_10.png,Fridge_10,Fridge,White fridge with water dispenser.,https://cs-people.bu.edu/array/research/r2d3/asset_ims/bin_10.png,bin_10,bin,"Black, open-top bin.",https://cs-people.bu.edu/array/research/r2d3/asset_ims/Chair_204_7.png,Chair_204_7,Chair,A modern chair with wooden frame and blue upholstery.
https://cs-people.bu.edu/array/research/r2d3/asset_ims/Side_Table_310_1.png,Side_Table_310_1,Side Table,Black bedside table with drawers,https://cs-people.bu.edu/array/research/r2d3/asset_ims/Desk_305_1.png,Desk_305_1,Desk,Brown wooden desk with a hutch,https://cs-people.bu.edu/array/research/r2d3/asset_ims/Chair_227_1.png,Chair_227_1,Chair,Black minimalist chair,https://cs-people.bu.edu/array/research/r2d3/asset_ims/RoboTHOR_dining_table_extendable.png,RoboTHOR_dining_table_extendable,dining table extendable,Rectangular wooden table
https://cs-people.bu.edu/array/research/r2d3/asset_ims/Countertop_L_6x4.png,Countertop_L_6x4,Countertop L x,L-shaped black countertop,https://cs-people.bu.edu/array/research/r2d3/asset_ims/bin_30.png,bin_30,bin,blue recycling bin,https://cs-people.bu.edu/array/research/r2d3/asset_ims/Chair_303_2.png,Chair_303_2,Chair,Black modern chair with high backrest.,https://cs-people.bu.edu/array/research/r2d3/asset_ims/RoboTHOR_dining_table_jokkmokk_v.png,RoboTHOR_dining_table_jokkmokk_v,dining table   v,A brown rectangular table
https://cs-people.bu.edu/array/research/r2d3/asset_ims/Countertop_C_8x6.png,Countertop_C_8x6,Countertop C x,An L-shaped countertop with dark panels,https://cs-people.bu.edu/array/research/r2d3/asset_ims/Box_23.png,Box_23,Box,Open brown cardboard box.,https://cs-people.bu.edu/array/research/r2d3/asset_ims/Sofa_201_2.png,Sofa_201_2,Sofa,a blue three-seater sofa,https://cs-people.bu.edu/array/research/r2d3/asset_ims/RoboTHOR_side_table_fornbro.png,RoboTHOR_side_table_fornbro,side table fornbro,A round-top side table with flared legs
https://cs-people.bu.edu/array/research/r2d3/asset_ims/RoboTHOR_dresser_aspelund.png,RoboTHOR_dresser_aspelund,dresser aspelund,A light blue wooden dresser with drawers.,https://cs-people.bu.edu/array/research/r2d3/asset_ims/Side_Table_303_1_1.png,Side_Table_303_1_1,Side Table,A brown wooden side table with drawers,https://cs-people.bu.edu/array/research/r2d3/asset_ims/Dining_Table_227_1.png,Dining_Table_227_1,Dining Table,A long white table with ornate legs.,https://cs-people.bu.edu/array/research/r2d3/asset_ims/Armchair_204_1.png,Armchair_204_1,Armchair,a modern gray armchair
https://cs-people.bu.edu/array/research/r2d3/asset_ims/Clothes_Dryer_1.png,Clothes_Dryer_1,Clothes Dryer,White front-loading clothes dryer,https://cs-people.bu.edu/array/research/r2d3/asset_ims/Bed_9.png,Bed_9,Bed,White minimalist bed,https://cs-people.bu.edu/array/research/r2d3/asset_ims/Dog_Bed_1_2.png,Dog_Bed_1_2,Dog Bed,Gray oval dog bed,https://cs-people.bu.edu/array/research/r2d3/asset_ims/Coffee_Table_206_2.png,Coffee_Table_206_2,Coffee Table,Glass and metal coffee table
https://cs-people.bu.edu/array/research/r2d3/asset_ims/Chair_205_5.png,Chair_205_5,Chair,Black modern chair,https://cs-people.bu.edu/array/research/r2d3/asset_ims/Coffee_Table_230_1.png,Coffee_Table_230_1,Coffee Table,Dark brown rectangular coffee table,https://cs-people.bu.edu/array/research/r2d3/asset_ims/Armchair_226_1.png,Armchair_226_1,Armchair,Dark upholstered armchair,https://cs-people.bu.edu/array/research/r2d3/asset_ims/Sofa_218_1.png,Sofa_218_1,Sofa,Grey fabric sofa
https://cs-people.bu.edu/array/research/r2d3/asset_ims/Room_Decor_1_2.png,Room_Decor_1_2,Room Decor,leafless plant room decoration,https://cs-people.bu.edu/array/research/r2d3/asset_ims/Bed_28.png,Bed_28,Bed,Dark modern bed,https://cs-people.bu.edu/array/research/r2d3/asset_ims/Coffee_Table_315_1.png,Coffee_Table_315_1,Coffee Table,Dark brown wooden coffee table,https://cs-people.bu.edu/array/research/r2d3/asset_ims/Fridge_7.png,Fridge_7,Fridge,Black modern fridge
https://cs-people.bu.edu/array/research/r2d3/asset_ims/Coffee_Table_218_1.png,Coffee_Table_218_1,Coffee Table,Beige marble-top coffee table with metallic legs,https://cs-people.bu.edu/array/research/r2d3/asset_ims/Side_Table_210_1_1.png,Side_Table_210_1_1,Side Table,Black modern side table,https://cs-people.bu.edu/array/research/r2d3/asset_ims/Dining_Table_205_1.png,Dining_Table_205_1,Dining Table,Blue modern dining table,https://cs-people.bu.edu/array/research/r2d3/asset_ims/Box_24.png,Box_24,Box,Brown cardboard box
https://cs-people.bu.edu/array/research/r2d3/asset_ims/Side_Table_302_1_6.png,Side_Table_302_1_6,Side Table,Brown wooden side table,https://cs-people.bu.edu/array/research/r2d3/asset_ims/Chair_215_3.png,Chair_215_3,Chair,Gray modern chair,https://cs-people.bu.edu/array/research/r2d3/asset_ims/Side_Table_307_1.png,Side_Table_307_1,Side Table,Gray modern side table.,https://cs-people.bu.edu/array/research/r2d3/asset_ims/Coffee_Table_228_1.png,Coffee_Table_228_1,Coffee Table,Dark brown rectangular coffee table
https://cs-people.bu.edu/array/research/r2d3/asset_ims/Floor_Lamp_19.png,Floor_Lamp_19,Floor Lamp,"Beige shade, black base floor lamp",https://cs-people.bu.edu/array/research/r2d3/asset_ims/Fridge_18.png,Fridge_18,Fridge,Stainless steel double-door fridge,https://cs-people.bu.edu/array/research/r2d3/asset_ims/DecorativeBox3.png,DecorativeBox3,DecorativeBox,Dark blue DecorativeBox,https://cs-people.bu.edu/array/research/r2d3/asset_ims/Bed_1.png,Bed_1,Bed,White minimalist bed
https://cs-people.bu.edu/array/research/r2d3/asset_ims/Wall_Decor_Photo_9.png,Wall_Decor_Photo_9,Wall Decor Photo,Scenic landscape wall decor photo,https://cs-people.bu.edu/array/research/r2d3/asset_ims/Side_Table_320_1.png,Side_Table_320_1,Side Table,Brown wooden Side Table,https://cs-people.bu.edu/array/research/r2d3/asset_ims/TV_Stand_220_1.png,TV_Stand_220_1,TV Stand,Modern black metal TV stand,https://cs-people.bu.edu/array/research/r2d3/asset_ims/Side_Table_302_1_3.png,Side_Table_302_1_3,Side Table,Brown wooden side table
https://cs-people.bu.edu/array/research/r2d3/asset_ims/Chair_303_1.png,Chair_303_1,Chair,Dark red cushioned chair with wooden legs,https://cs-people.bu.edu/array/research/r2d3/asset_ims/Chair_215_1.png,Chair_215_1,Chair,Striped modern chair,https://cs-people.bu.edu/array/research/r2d3/asset_ims/Side_Table_305_1.png,Side_Table_305_1,Side Table,Brown wooden side table,https://cs-people.bu.edu/array/research/r2d3/asset_ims/Side_Table_205_2_2.png,Side_Table_205_2_2,Side Table,Black slender side table
https://cs-people.bu.edu/array/research/r2d3/asset_ims/Wall_Decor_Photo_3V.png,Wall_Decor_Photo_3V,Wall Decor Photo V,Scenic mountain landscape wall decor photo.,https://cs-people.bu.edu/array/research/r2d3/asset_ims/Dining_Table_21_3.png,Dining_Table_21_3,Dining Table,Glass-top silver dining table,https://cs-people.bu.edu/array/research/r2d3/asset_ims/Coffee_Table_215_1.png,Coffee_Table_215_1,Coffee Table,Dark brown wooden coffee table.,https://cs-people.bu.edu/array/research/r2d3/asset_ims/Floor_Lamp_20.png,Floor_Lamp_20,Floor Lamp,"White shade, black base floor lamp"
https://cs-people.bu.edu/array/research/r2d3/asset_ims/Fridge_24.png,Fridge_24,Fridge,Silver double-door fridge,https://cs-people.bu.edu/array/research/r2d3/asset_ims/Countertop_L_10x8.png,Countertop_L_10x8,Countertop L x,Black L-shaped countertop,https://cs-people.bu.edu/array/research/r2d3/asset_ims/Ottoman_205_1.png,Ottoman_205_1,Ottoman,Red upholstered ottoman,https://cs-people.bu.edu/array/research/r2d3/asset_ims/Toilet_1.png,Toilet_1,Toilet,Silver ceramic toilet
https://cs-people.bu.edu/array/research/r2d3/asset_ims/Fridge_19.png,Fridge_19,Fridge,Black double-door refrigerator,https://cs-people.bu.edu/array/research/r2d3/asset_ims/Side_Table_303_2_1.png,Side_Table_303_2_1,Side Table,Brown wooden side table,https://cs-people.bu.edu/array/research/r2d3/asset_ims/RoboTHOR_basketball_rhode_island_novelty_v.png,RoboTHOR_basketball_rhode_island_novelty_v,basketball rhode island novelty v,Orange rubber basketball.,https://cs-people.bu.edu/array/research/r2d3/asset_ims/Laundry_Hamper_1_3.png,Laundry_Hamper_1_3,Laundry Hamper,Brown wicker Laundry Hamper
https://cs-people.bu.edu/array/research/r2d3/asset_ims/BaseballBat_4.png,BaseballBat_4,BaseballBat,Black baseball bat,https://cs-people.bu.edu/array/research/r2d3/asset_ims/Sink_26.png,Sink_26,Sink,Gray stone sink,https://cs-people.bu.edu/array/research/r2d3/asset_ims/Floor_Lamp_8.png,Floor_Lamp_8,Floor Lamp,Modern spiral floor lamp,https://cs-people.bu.edu/array/research/r2d3/asset_ims/Armchair_205_1_2.png,Armchair_205_1_2,Armchair,Dark upholstered armchair
https://cs-people.bu.edu/array/research/r2d3/asset_ims/Stool_4_1.png,Stool_4_1,Stool,Dark cushioned metal stool,https://cs-people.bu.edu/array/research/r2d3/asset_ims/RoboTHOR_chair_antnas.png,RoboTHOR_chair_antnas,chair antnas,Black metal chair,https://cs-people.bu.edu/array/research/r2d3/asset_ims/Side_Table_302_1_2.png,Side_Table_302_1_2,Side Table,Gray modern side table,https://cs-people.bu.edu/array/research/r2d3/asset_ims/Countertop_I_4x2.png,Countertop_I_4x2,Countertop I x,Black glossy countertop
https://cs-people.bu.edu/array/research/r2d3/asset_ims/Coffee_Table_225_1.png,Coffee_Table_225_1,Coffee Table,Transparent glass coffee table,https://cs-people.bu.edu/array/research/r2d3/asset_ims/Side_Table_311_1_1.png,Side_Table_311_1_1,Side Table,Black modern side table.,https://cs-people.bu.edu/array/research/r2d3/asset_ims/RoboTHOR_armchair_ekenas_v.png,RoboTHOR_armchair_ekenas_v,armchair ekenas v,Dark blue fabric armchair,https://cs-people.bu.edu/array/research/r2d3/asset_ims/Side_Table_229_2_1.png,Side_Table_229_2_1,Side Table,White modern side table
https://cs-people.bu.edu/array/research/r2d3/asset_ims/Wall_Decor_Photo_10.png,Wall_Decor_Photo_10,Wall Decor Photo,Blue framed landscape wall decor photo.,https://cs-people.bu.edu/array/research/r2d3/asset_ims/Coffee_Table_222_1.png,Coffee_Table_222_1,Coffee Table,Brown wooden coffee table,https://cs-people.bu.edu/array/research/r2d3/asset_ims/Shelving_Unit_325_1.png,Shelving_Unit_325_1,Shelving Unit,Black wooden shelving unit,https://cs-people.bu.edu/array/research/r2d3/asset_ims/RoboTHOR_desk_alve.png,RoboTHOR_desk_alve,desk alve,Brown wooden desk
https://cs-people.bu.edu/array/research/r2d3/asset_ims/Toilet_2.png,Toilet_2,Toilet,White ceramic toilet,https://cs-people.bu.edu/array/research/r2d3/asset_ims/Television_3.png,Television_3,Television,Black flat screen television,https://cs-people.bu.edu/array/research/r2d3/asset_ims/Chair_223_1.png,Chair_223_1,Chair,Brown wooden chair.,https://cs-people.bu.edu/array/research/r2d3/asset_ims/Bed_30.png,Bed_30,Bed,Dark modern bed
https://cs-people.bu.edu/array/research/r2d3/asset_ims/Chair_215_2.png,Chair_215_2,Chair,Silver modern chair,https://cs-people.bu.edu/array/research/r2d3/asset_ims/Dog_Bed_1_1.png,Dog_Bed_1_1,Dog Bed,Black oval dog bed,https://cs-people.bu.edu/array/research/r2d3/asset_ims/Wall_Decor_Photo_3.png,Wall_Decor_Photo_3,Wall Decor Photo,Dark cave opening wall decor photo.,https://cs-people.bu.edu/array/research/r2d3/asset_ims/RoboTHOR_hemnes_day_bed.png,RoboTHOR_hemnes_day_bed,hemnes day bed,simplistic white day bed
https://cs-people.bu.edu/array/research/r2d3/asset_ims/Room_Decor_1_1.png,Room_Decor_1_1,Room Decor,Black line drawing of plant decor,https://cs-people.bu.edu/array/research/r2d3/asset_ims/Ottoman_208_1.png,Ottoman_208_1,Ottoman,Dark upholstered ottoman,https://cs-people.bu.edu/array/research/r2d3/asset_ims/Floor_Lamp_21.png,Floor_Lamp_21,Floor Lamp,"White shade, twisted metal Floor Lamp.",https://cs-people.bu.edu/array/research/r2d3/asset_ims/Bed_8.png,Bed_8,Bed,"Dark frame, red plaid blanket, bed"
https://cs-people.bu.edu/array/research/r2d3/asset_ims/RoboTHOR_chair_jokkmokk_v.png,RoboTHOR_chair_jokkmokk_v,chair   v,Black basic chair,https://cs-people.bu.edu/array/research/r2d3/asset_ims/Countertop_L_6x6.png,Countertop_L_6x6,Countertop L x,Gray L-shaped countertop,https://cs-people.bu.edu/array/research/r2d3/asset_ims/bin_13.png,bin_13,bin,Red plastic bin,https://cs-people.bu.edu/array/research/r2d3/asset_ims/Chair_205_3.png,Chair_205_3,Chair,Transparent acrylic chair
https://cs-people.bu.edu/array/research/r2d3/asset_ims/Chair_203_2.png,Chair_203_2,Chair,Beige wooden chair,https://cs-people.bu.edu/array/research/r2d3/asset_ims/Side_Table_213_4_1.png,Side_Table_213_4_1,Side Table,Black rectangular Side Table,https://cs-people.bu.edu/array/research/r2d3/asset_ims/Wall_Decor_Photo_1.png,Wall_Decor_Photo_1,Wall Decor Photo,Colorful landscape photo,https://cs-people.bu.edu/array/research/r2d3/asset_ims/RoboTHOR_side_table_hol.png,RoboTHOR_side_table_hol,side table hol,Gray lattice side table
https://cs-people.bu.edu/array/research/r2d3/asset_ims/BaseballBat_2.png,BaseballBat_2,BaseballBat,Brown wooden BaseballBat.,https://cs-people.bu.edu/array/research/r2d3/asset_ims/Side_Table_311_2_1.png,Side_Table_311_2_1,Side Table,Gray modern Side Table,https://cs-people.bu.edu/array/research/r2d3/asset_ims/Countertop_L_8x6.png,Countertop_L_8x6,Countertop L x,Black L-shaped countertop,https://cs-people.bu.edu/array/research/r2d3/asset_ims/Box_21.png,Box_21,Box,Brown cardboard box
https://cs-people.bu.edu/array/research/r2d3/asset_ims/Floor_Lamp_22.png,Floor_Lamp_22,Floor Lamp,Black twisted floor lamp,https://cs-people.bu.edu/array/research/r2d3/asset_ims/Box_18.png,Box_18,Box,Brown cardboard box,https://cs-people.bu.edu/array/research/r2d3/asset_ims/Box_28.png,Box_28,Box,Brown cardboard box,https://cs-people.bu.edu/array/research/r2d3/asset_ims/Wall_Decor_Painting_9.png,Wall_Decor_Painting_9,Wall Decor Painting,Blue-toned portrait Wall Decor Painting
https://cs-people.bu.edu/array/research/r2d3/asset_ims/Houseplant_27.png,Houseplant_27,Houseplant,Green slender houseplant,https://cs-people.bu.edu/array/research/r2d3/asset_ims/Desk_316_1.png,Desk_316_1,Desk,Brown modern desk,https://cs-people.bu.edu/array/research/r2d3/asset_ims/Armchair_230_1.png,Armchair_230_1,Armchair,Brown leather armchair,https://cs-people.bu.edu/array/research/r2d3/asset_ims/bin_6.png,bin_6,bin,Blue metal bin.
https://cs-people.bu.edu/array/research/r2d3/asset_ims/Vacuum_Cleaner_1_1.png,Vacuum_Cleaner_1_1,Vacuum Cleaner,Black and gold upright vacuum cleaner,https://cs-people.bu.edu/array/research/r2d3/asset_ims/RoboTHOR_floor_lamp_holmo_v.png,RoboTHOR_floor_lamp_holmo_v,floor lamp holmo v,White cylindrical floor lamp,https://cs-people.bu.edu/array/research/r2d3/asset_ims/Chair_305_1.png,Chair_305_1,Chair,Brown wooden chair,https://cs-people.bu.edu/array/research/r2d3/asset_ims/Houseplant_26.png,Houseplant_26,Houseplant,Green potted houseplant
https://cs-people.bu.edu/array/research/r2d3/asset_ims/Fridge_26.png,Fridge_26,Fridge,Silver metal fridge,https://cs-people.bu.edu/array/research/r2d3/asset_ims/Chair_203_1.png,Chair_203_1,Chair,Black cushioned wooden chair,https://cs-people.bu.edu/array/research/r2d3/asset_ims/Washing_Machine_1.png,Washing_Machine_1,Washing Machine,white metallic washing machine,https://cs-people.bu.edu/array/research/r2d3/asset_ims/RoboTHOR_armchair_overallt.png,RoboTHOR_armchair_overallt,armchair overallt,Black silhouette armchair.
